,p,PL,TPL,Exp
1,0p616,4425.201625,4157.811702,4187.185076
2,0p618,11973.85288,11304.23332,11476.25473
3,0p62,27887.9502,26370.70722,26864.06668
4,0p625,98231.87688,92871.53967,94805.80957
5,0p63,171619.1956,162872.8851,167262.2634
6,0p64,253490.4272,242703.1457,253484.5381
7,0p65,296095.3815,285197.4382,302917.6448
8,0p7,234874.0948,232769.8636,298873.7963
9,0p72,151712.5146,NaN,237533.6458
