"","p","PL","Exp"
"1","test","454262.506736148","521588.998890623"
