"","p","PL","TPL","Exp"
"1","0p65","2825.56051095795","2686.96089809175","3839.37027133976"
