"","p","PL","Exp","TPL"
"1","0p616","576044.260301986","567326.375402627","563783.977638548"
"2","0p618","2286196.77136197","2253877.43069118","2237964.98273194"
"3","0p62","8864372.33272735","8750793.38060226","8681396.4672499"
"4","0p625","54868823.7666392","54353536.803528","53778662.4812854"
"5","0p63","112802189.82801","112158727.622624","110622334.579757"
"6","0p64","215190566.619103","215713556.754049","211244849.642246"
"7","0p65","317761730.89188","321620894.925201","312244622.146025"
"8","0p7","723885234.345597","836117774.242263","718548357.261993"
"9","0p72","669543091.191589","901703731.528003","666162873.778819"
